time,counting
2016/5/31 00:05,1
2016/5/31 00:20,1
2016/5/31 03:12,1
2016/5/31 03:28,1
2016/5/31 06:47,1
2016/5/31 06:59,1
2016/5/31 07:00,2
2016/5/31 07:15,3
2016/5/31 07:16,5
2016/5/31 07:18,2
2016/5/31 07:19,1
2016/5/31 07:20,2
2016/5/31 07:21,5
2016/5/31 07:23,3
2016/5/31 07:24,2
2016/5/31 07:25,1
2016/5/31 07:26,3
2016/5/31 07:27,2
2016/5/31 07:29,1
2016/5/31 07:30,12
2016/5/31 07:31,1
2016/5/31 07:32,3
2016/5/31 07:33,2
2016/5/31 07:34,3
2016/5/31 07:35,2
2016/5/31 07:37,2
2016/5/31 07:38,1
2016/5/31 07:39,1
2016/5/31 07:40,5
2016/5/31 07:41,1
2016/5/31 07:42,3
2016/5/31 07:43,3
2016/5/31 07:44,1
2016/5/31 07:45,7
2016/5/31 07:46,1
2016/5/31 07:47,3
2016/5/31 07:48,1
2016/5/31 07:49,1
2016/5/31 07:50,2
2016/5/31 07:52,1
2016/5/31 07:54,1
2016/5/31 07:55,2
2016/5/31 07:58,1
2016/5/31 07:59,1
2016/5/31 08:00,9
2016/5/31 08:09,1
2016/5/31 08:30,1
2016/5/31 08:48,1
2016/5/31 08:54,1
2016/5/31 09:07,1
2016/5/31 09:10,4
2016/5/31 09:13,1
2016/5/31 09:14,1
2016/5/31 09:31,1
2016/5/31 10:02,1
2016/5/31 10:15,2
2016/5/31 10:30,1
2016/5/31 10:31,1
2016/5/31 10:46,2
2016/5/31 11:07,1
2016/5/31 11:26,1
2016/5/31 11:27,3
2016/5/31 11:30,1
2016/5/31 11:32,1
2016/5/31 11:36,1
2016/5/31 11:41,1
2016/5/31 11:45,1
2016/5/31 11:46,2
2016/5/31 11:48,1
2016/5/31 11:50,6
2016/5/31 11:51,2
2016/5/31 11:52,2
2016/5/31 11:53,4
2016/5/31 11:55,3
2016/5/31 11:56,1
2016/5/31 11:58,1
2016/5/31 11:59,2
2016/5/31 12:00,4
2016/5/31 12:01,5
2016/5/31 12:03,6
2016/5/31 12:04,2
2016/5/31 12:06,1
2016/5/31 12:07,4
2016/5/31 12:08,2
2016/5/31 12:09,2
2016/5/31 12:10,1
2016/5/31 12:11,3
2016/5/31 12:12,5
2016/5/31 12:14,1
2016/5/31 12:15,3
2016/5/31 12:16,1
2016/5/31 12:25,1
2016/5/31 12:30,3
2016/5/31 12:31,1
2016/5/31 12:36,1
2016/5/31 12:38,1
2016/5/31 12:40,3
2016/5/31 12:41,1
2016/5/31 12:42,1
2016/5/31 12:43,2
2016/5/31 12:45,1
2016/5/31 12:47,2
2016/5/31 12:48,1
2016/5/31 12:50,4
2016/5/31 12:51,4
2016/5/31 12:52,1
2016/5/31 12:53,2
2016/5/31 12:54,4
2016/5/31 12:55,3
2016/5/31 12:56,1
2016/5/31 12:57,2
2016/5/31 12:58,4
2016/5/31 12:59,1
2016/5/31 13:00,3
2016/5/31 13:01,2
2016/5/31 13:02,4
2016/5/31 13:03,1
2016/5/31 13:04,3
2016/5/31 13:05,2
2016/5/31 13:07,2
2016/5/31 13:08,1
2016/5/31 13:09,2
2016/5/31 13:10,1
2016/5/31 13:11,1
2016/5/31 13:12,1
2016/5/31 13:15,2
2016/5/31 13:18,1
2016/5/31 13:20,1
2016/5/31 13:21,1
2016/5/31 13:23,1
2016/5/31 13:35,1
2016/5/31 13:45,1
2016/5/31 13:53,1
2016/5/31 14:03,1
2016/5/31 14:31,3
2016/5/31 14:36,1
2016/5/31 14:42,1
2016/5/31 15:04,1
2016/5/31 15:10,1
2016/5/31 15:15,1
2016/5/31 15:23,1
2016/5/31 15:30,1
2016/5/31 15:31,1
2016/5/31 15:33,1
2016/5/31 15:34,1
2016/5/31 15:42,1
2016/5/31 15:44,1
2016/5/31 16:00,1
2016/5/31 16:01,1
2016/5/31 16:03,1
2016/5/31 16:04,2
2016/5/31 16:05,1
2016/5/31 16:06,1
2016/5/31 16:08,1
2016/5/31 16:13,1
2016/5/31 16:14,1
2016/5/31 16:17,1
2016/5/31 16:19,1
2016/5/31 16:20,1
2016/5/31 16:24,1
2016/5/31 16:26,1
2016/5/31 16:30,1
2016/5/31 16:41,2
2016/5/31 16:42,2
2016/5/31 16:43,1
2016/5/31 16:44,3
2016/5/31 16:46,1
2016/5/31 16:47,2
2016/5/31 16:48,1
2016/5/31 16:49,2
2016/5/31 16:51,1
2016/5/31 16:52,1
2016/5/31 16:53,1
2016/5/31 16:54,2
2016/5/31 16:55,5
2016/5/31 16:56,3
2016/5/31 16:58,2
2016/5/31 17:00,3
2016/5/31 17:01,14
2016/5/31 17:02,5
2016/5/31 17:03,3
2016/5/31 17:04,5
2016/5/31 17:06,3
2016/5/31 17:07,2
2016/5/31 17:08,2
2016/5/31 17:09,2
2016/5/31 17:10,2
2016/5/31 17:11,1
2016/5/31 17:13,3
2016/5/31 17:16,2
2016/5/31 17:18,1
2016/5/31 17:19,2
2016/5/31 17:20,1
2016/5/31 17:21,1
2016/5/31 17:22,1
2016/5/31 17:32,4
2016/5/31 17:35,1
2016/5/31 17:41,1
2016/5/31 17:48,1
2016/5/31 17:57,1
2016/5/31 18:02,1
2016/5/31 18:11,1
2016/5/31 18:17,1
2016/5/31 19:22,1
2016/5/31 19:28,1
2016/5/31 19:49,2
2016/5/31 19:57,1
2016/5/31 20:03,1
2016/5/31 20:07,2
2016/5/31 20:16,1
2016/5/31 20:34,2
2016/5/31 20:42,1
2016/5/31 20:45,1
2016/5/31 20:47,1
2016/5/31 20:54,1
2016/5/31 21:07,1
2016/5/31 21:11,2
2016/5/31 22:57,1
2016/5/31 22:59,1
2016/5/31 23:04,1
2016/5/31 23:06,1
2016/5/31 23:43,1
2016/5/31 23:50,1
2016/5/31 23:51,1
2016/5/31 23:52,3
2016/5/31 23:55,1
2016/5/31 23:56,1
2016/5/31 23:58,1
2016/6/1 00:01,1
2016/6/1 00:29,1
2016/6/1 03:16,1
2016/6/1 03:19,1
2016/6/1 06:59,1
2016/6/1 07:00,4
2016/6/1 07:15,3
2016/6/1 07:16,1
2016/6/1 07:17,1
2016/6/1 07:18,5
2016/6/1 07:21,4
2016/6/1 07:22,2
2016/6/1 07:23,1
2016/6/1 07:24,3
2016/6/1 07:25,2
2016/6/1 07:26,1
2016/6/1 07:27,4
2016/6/1 07:28,2
2016/6/1 07:29,1
2016/6/1 07:30,4
2016/6/1 07:31,1
2016/6/1 07:32,1
2016/6/1 07:33,7
2016/6/1 07:34,2
2016/6/1 07:35,1
2016/6/1 07:36,2
2016/6/1 07:37,2
2016/6/1 07:38,3
2016/6/1 07:39,2
2016/6/1 07:40,3
2016/6/1 07:41,1
2016/6/1 07:42,2
2016/6/1 07:43,3
2016/6/1 07:44,2
2016/6/1 07:45,6
2016/6/1 07:46,1
2016/6/1 07:47,2
2016/6/1 07:48,2
2016/6/1 07:49,1
2016/6/1 07:50,2
2016/6/1 07:53,1
2016/6/1 07:54,1
2016/6/1 07:55,5
2016/6/1 07:56,1
2016/6/1 07:57,1
2016/6/1 08:00,5
2016/6/1 08:01,1
2016/6/1 08:10,1
2016/6/1 08:15,2
2016/6/1 08:30,2
2016/6/1 09:03,1
2016/6/1 09:05,1
2016/6/1 09:10,1
2016/6/1 09:11,5
2016/6/1 09:12,2
2016/6/1 09:14,2
2016/6/1 09:45,1
2016/6/1 10:01,3
2016/6/1 10:10,1
2016/6/1 10:11,1
2016/6/1 10:15,1
2016/6/1 10:30,1
2016/6/1 10:33,1
2016/6/1 11:07,1
2016/6/1 11:47,4
2016/6/1 11:48,3
2016/6/1 11:50,1
2016/6/1 11:51,3
2016/6/1 11:53,1
2016/6/1 11:54,1
2016/6/1 11:55,1
2016/6/1 11:56,3
2016/6/1 11:58,2
2016/6/1 11:59,5
2016/6/1 12:00,2
2016/6/1 12:02,6
2016/6/1 12:03,2
2016/6/1 12:04,4
2016/6/1 12:05,2
2016/6/1 12:06,4
2016/6/1 12:07,2
2016/6/1 12:08,1
2016/6/1 12:09,1
2016/6/1 12:10,1
2016/6/1 12:11,1
2016/6/1 12:12,3
2016/6/1 12:13,2
2016/6/1 12:14,3
2016/6/1 12:16,5
2016/6/1 12:32,1
2016/6/1 12:34,1
2016/6/1 12:38,3
2016/6/1 12:41,1
2016/6/1 12:43,2
2016/6/1 12:44,1
2016/6/1 12:45,3
2016/6/1 12:46,1
2016/6/1 12:47,4
2016/6/1 12:48,1
2016/6/1 12:50,3
2016/6/1 12:51,3
2016/6/1 12:53,3
2016/6/1 12:54,2
2016/6/1 12:55,2
2016/6/1 12:56,1
2016/6/1 12:57,1
2016/6/1 12:58,3
2016/6/1 12:59,2
2016/6/1 13:00,1
2016/6/1 13:02,4
2016/6/1 13:03,1
2016/6/1 13:05,2
2016/6/1 13:06,1
2016/6/1 13:07,4
2016/6/1 13:08,2
2016/6/1 13:09,1
2016/6/1 13:10,4
2016/6/1 13:12,1
2016/6/1 13:13,2
2016/6/1 13:14,1
2016/6/1 13:16,3
2016/6/1 13:19,2
2016/6/1 13:20,1
2016/6/1 13:22,1
2016/6/1 13:32,2
2016/6/1 13:33,1
2016/6/1 13:34,1
2016/6/1 13:45,1
2016/6/1 13:53,1
2016/6/1 14:00,2
2016/6/1 14:03,1
2016/6/1 14:31,1
2016/6/1 14:35,2
2016/6/1 14:44,2
2016/6/1 14:46,1
2016/6/1 15:01,1
2016/6/1 15:13,1
2016/6/1 15:15,1
2016/6/1 15:20,1
2016/6/1 15:22,1
2016/6/1 15:26,1
2016/6/1 15:31,1
2016/6/1 15:33,2
2016/6/1 15:35,1
2016/6/1 15:40,1
2016/6/1 16:01,2
2016/6/1 16:04,1
2016/6/1 16:07,1
2016/6/1 16:10,1
2016/6/1 16:15,1
2016/6/1 16:16,2
2016/6/1 16:17,1
2016/6/1 16:18,1
2016/6/1 16:19,1
2016/6/1 16:21,3
2016/6/1 16:22,1
2016/6/1 16:23,1
2016/6/1 16:28,1
2016/6/1 16:41,1
2016/6/1 16:42,2
2016/6/1 16:44,1
2016/6/1 16:45,3
2016/6/1 16:46,1
2016/6/1 16:47,1
2016/6/1 16:49,1
2016/6/1 16:51,2
2016/6/1 16:52,1
2016/6/1 16:54,2
2016/6/1 16:55,5
2016/6/1 16:56,4
2016/6/1 17:00,1
2016/6/1 17:01,2
2016/6/1 17:02,10
2016/6/1 17:03,4
2016/6/1 17:04,5
2016/6/1 17:05,5
2016/6/1 17:06,4
2016/6/1 17:07,4
2016/6/1 17:09,3
2016/6/1 17:10,1
2016/6/1 17:12,3
2016/6/1 17:13,2
2016/6/1 17:14,2
2016/6/1 17:16,2
2016/6/1 17:17,2
2016/6/1 17:18,2
2016/6/1 17:19,4
2016/6/1 17:21,3
2016/6/1 17:33,1
2016/6/1 17:35,1
2016/6/1 17:44,1
2016/6/1 17:46,3
2016/6/1 18:01,1
2016/6/1 18:07,1
2016/6/1 18:15,1
2016/6/1 19:20,1
2016/6/1 19:32,1
2016/6/1 19:47,1
2016/6/1 19:49,1
2016/6/1 19:57,1
2016/6/1 20:01,1
2016/6/1 20:02,1
2016/6/1 20:09,1
2016/6/1 20:11,1
2016/6/1 20:41,1
2016/6/1 20:42,1
2016/6/1 20:45,1
2016/6/1 20:47,1
2016/6/1 20:55,1
2016/6/1 20:57,1
2016/6/1 21:00,2
2016/6/1 21:18,1
2016/6/1 22:56,1
2016/6/1 22:58,1
2016/6/1 22:59,1
2016/6/1 23:01,1
2016/6/1 23:41,1
2016/6/1 23:43,3
2016/6/1 23:45,2
2016/6/1 23:48,4
2016/6/1 23:56,1
2016/6/1 23:58,1
2016/6/2 00:00,1
2016/6/2 00:04,1
2016/6/2 00:13,1
2016/6/2 03:18,1
2016/6/2 03:30,1
2016/6/2 06:48,1
2016/6/2 07:00,2
2016/6/2 07:06,1
2016/6/2 07:15,4
2016/6/2 07:16,4
2016/6/2 07:17,1
2016/6/2 07:18,1
2016/6/2 07:19,1
2016/6/2 07:20,1
2016/6/2 07:21,2
2016/6/2 07:23,2
2016/6/2 07:24,2
2016/6/2 07:25,2
2016/6/2 07:27,3
2016/6/2 07:28,1
2016/6/2 07:29,1
2016/6/2 07:30,4
2016/6/2 07:31,4
2016/6/2 07:32,2
2016/6/2 07:33,3
2016/6/2 07:34,3
2016/6/2 07:35,2
2016/6/2 07:36,2
2016/6/2 07:37,4
2016/6/2 07:38,4
2016/6/2 07:39,1
2016/6/2 07:40,3
2016/6/2 07:41,2
2016/6/2 07:42,4
2016/6/2 07:44,4
2016/6/2 07:45,2
2016/6/2 07:47,1
2016/6/2 07:48,2
2016/6/2 07:49,3
2016/6/2 07:50,3
2016/6/2 07:53,1
2016/6/2 07:54,2
2016/6/2 07:55,4
2016/6/2 07:58,2
2016/6/2 07:59,2
2016/6/2 08:00,6
2016/6/2 08:01,1
2016/6/2 08:10,1
2016/6/2 08:12,2
2016/6/2 08:16,2
2016/6/2 08:18,1
2016/6/2 08:20,1
2016/6/2 08:22,1
2016/6/2 08:23,1
2016/6/2 08:30,2
2016/6/2 08:31,3
2016/6/2 08:43,1
2016/6/2 08:45,3
2016/6/2 08:47,1
2016/6/2 09:00,2
2016/6/2 09:07,1
2016/6/2 09:10,1
2016/6/2 09:11,1
2016/6/2 09:12,5
2016/6/2 09:13,1
2016/6/2 09:14,1
2016/6/2 09:33,1
2016/6/2 10:01,1
2016/6/2 10:03,1
2016/6/2 10:16,1
2016/6/2 10:36,2
2016/6/2 10:45,1
2016/6/2 11:01,1
2016/6/2 11:23,1
2016/6/2 11:25,1
2016/6/2 11:27,1
2016/6/2 11:30,2
2016/6/2 11:32,1
2016/6/2 11:47,2
2016/6/2 11:49,2
2016/6/2 11:50,3
2016/6/2 11:52,3
2016/6/2 11:55,3
2016/6/2 11:56,7
2016/6/2 11:57,3
2016/6/2 11:59,3
2016/6/2 12:00,3
2016/6/2 12:01,3
2016/6/2 12:03,2
2016/6/2 12:04,2
2016/6/2 12:05,2
2016/6/2 12:06,4
2016/6/2 12:08,6
2016/6/2 12:10,2
2016/6/2 12:12,2
2016/6/2 12:13,5
2016/6/2 12:14,2
2016/6/2 12:15,1
2016/6/2 12:16,3
2016/6/2 12:18,1
2016/6/2 12:30,2
2016/6/2 12:32,1
2016/6/2 12:36,1
2016/6/2 12:39,3
2016/6/2 12:41,1
2016/6/2 12:43,1
2016/6/2 12:45,3
2016/6/2 12:47,2
2016/6/2 12:50,3
2016/6/2 12:51,2
2016/6/2 12:52,3
2016/6/2 12:54,3
2016/6/2 12:55,7
2016/6/2 12:56,3
2016/6/2 12:57,3
2016/6/2 12:58,2
2016/6/2 13:00,4
2016/6/2 13:01,3
2016/6/2 13:02,3
2016/6/2 13:03,2
2016/6/2 13:04,3
2016/6/2 13:05,3
2016/6/2 13:06,1
2016/6/2 13:10,2
2016/6/2 13:11,1
2016/6/2 13:12,1
2016/6/2 13:13,1
2016/6/2 13:14,1
2016/6/2 13:15,1
2016/6/2 13:16,1
2016/6/2 13:18,1
2016/6/2 13:19,1
2016/6/2 13:21,2
2016/6/2 13:22,1
2016/6/2 13:30,1
2016/6/2 13:45,1
2016/6/2 13:52,1
2016/6/2 14:02,2
2016/6/2 14:25,1
2016/6/2 14:31,1
2016/6/2 14:33,1
2016/6/2 14:35,1
2016/6/2 14:46,1
2016/6/2 15:03,1
2016/6/2 15:12,1
2016/6/2 15:14,1
2016/6/2 15:22,1
2016/6/2 15:23,1
2016/6/2 15:28,1
2016/6/2 15:31,2
2016/6/2 15:34,1
2016/6/2 15:36,1
2016/6/2 15:41,1
2016/6/2 16:02,2
2016/6/2 16:05,1
2016/6/2 16:08,1
2016/6/2 16:13,1
2016/6/2 16:14,1
2016/6/2 16:19,1
2016/6/2 16:21,1
2016/6/2 16:22,1
2016/6/2 16:24,1
2016/6/2 16:25,4
2016/6/2 16:30,1
2016/6/2 16:32,1
2016/6/2 16:41,3
2016/6/2 16:42,2
2016/6/2 16:43,1
2016/6/2 16:44,2
2016/6/2 16:45,3
2016/6/2 16:46,1
2016/6/2 16:47,2
2016/6/2 16:48,2
2016/6/2 16:49,1
2016/6/2 16:50,1
2016/6/2 16:52,2
2016/6/2 16:53,1
2016/6/2 16:55,2
2016/6/2 16:57,1
2016/6/2 16:58,4
2016/6/2 16:59,2
2016/6/2 17:01,6
2016/6/2 17:02,8
2016/6/2 17:03,3
2016/6/2 17:04,5
2016/6/2 17:05,6
2016/6/2 17:06,3
2016/6/2 17:07,4
2016/6/2 17:09,2
2016/6/2 17:10,2
2016/6/2 17:11,1
2016/6/2 17:12,1
2016/6/2 17:14,2
2016/6/2 17:16,5
2016/6/2 17:18,2
2016/6/2 17:19,1
2016/6/2 17:20,1
2016/6/2 17:21,1
2016/6/2 17:22,2
2016/6/2 17:32,3
2016/6/2 17:39,1
2016/6/2 17:41,1
2016/6/2 17:47,1
2016/6/2 18:02,1
2016/6/2 18:14,2
2016/6/2 19:18,1
2016/6/2 19:32,1
2016/6/2 19:47,1
2016/6/2 19:53,1
2016/6/2 19:55,1
2016/6/2 20:00,1
2016/6/2 20:07,1
2016/6/2 20:08,1
2016/6/2 20:13,1
2016/6/2 20:38,1
2016/6/2 20:42,2
2016/6/2 20:48,1
2016/6/2 20:52,1
2016/6/2 20:58,2
2016/6/2 21:01,1
2016/6/2 21:08,1
2016/6/2 22:56,1
2016/6/2 22:58,1
2016/6/2 23:00,1
2016/6/2 23:02,1
2016/6/2 23:43,1
2016/6/2 23:45,4
2016/6/2 23:46,1
2016/6/2 23:51,1
2016/6/2 23:52,1
2016/6/2 23:53,1
2016/6/2 23:55,2
2016/6/2 23:58,1
2016/6/2 23:59,1
2016/6/3 00:09,1
2016/6/3 00:14,1
2016/6/3 03:12,1
2016/6/3 03:15,1
2016/6/3 06:50,1
2016/6/3 06:58,1
2016/6/3 07:13,1
2016/6/3 07:14,1
2016/6/3 07:15,6
2016/6/3 07:16,3
2016/6/3 07:17,3
2016/6/3 07:18,1
2016/6/3 07:19,2
2016/6/3 07:20,2
2016/6/3 07:21,1
2016/6/3 07:22,2
2016/6/3 07:23,1
2016/6/3 07:25,2
2016/6/3 07:26,1
2016/6/3 07:28,2
2016/6/3 07:29,1
2016/6/3 07:30,6
2016/6/3 07:31,3
2016/6/3 07:32,1
2016/6/3 07:33,6
2016/6/3 07:34,1
2016/6/3 07:35,3
2016/6/3 07:36,3
2016/6/3 07:37,2
2016/6/3 07:39,3
2016/6/3 07:40,4
2016/6/3 07:42,3
2016/6/3 07:43,2
2016/6/3 07:44,5
2016/6/3 07:45,6
2016/6/3 07:46,2
2016/6/3 07:47,3
2016/6/3 07:48,3
2016/6/3 07:50,1
2016/6/3 07:51,1
2016/6/3 07:55,4
2016/6/3 07:56,3
2016/6/3 07:58,1
2016/6/3 07:59,1
2016/6/3 08:00,2
2016/6/3 08:02,1
2016/6/3 08:03,1
2016/6/3 08:16,1
2016/6/3 08:22,1
2016/6/3 08:30,1
2016/6/3 08:45,1
2016/6/3 08:58,1
2016/6/3 09:04,1
2016/6/3 09:08,4
2016/6/3 09:09,1
2016/6/3 09:31,1
2016/6/3 10:03,1
2016/6/3 10:14,1
2016/6/3 10:30,1
2016/6/3 10:34,1
2016/6/3 10:49,1
2016/6/3 11:05,1
2016/6/3 11:13,1
2016/6/3 11:16,1
2016/6/3 11:26,1
2016/6/3 11:27,1
2016/6/3 11:30,1
2016/6/3 11:31,3
2016/6/3 11:33,1
2016/6/3 11:46,1
2016/6/3 11:48,1
2016/6/3 11:50,3
2016/6/3 11:51,4
2016/6/3 11:52,3
2016/6/3 11:53,4
2016/6/3 11:55,2
2016/6/3 11:57,3
2016/6/3 11:58,3
2016/6/3 12:00,5
2016/6/3 12:01,2
2016/6/3 12:02,6
2016/6/3 12:04,4
2016/6/3 12:05,4
2016/6/3 12:06,2
2016/6/3 12:07,2
2016/6/3 12:08,2
2016/6/3 12:10,4
2016/6/3 12:13,4
2016/6/3 12:14,2
2016/6/3 12:16,4
2016/6/3 12:30,2
2016/6/3 12:32,1
2016/6/3 12:35,1
2016/6/3 12:36,1
2016/6/3 12:37,2
2016/6/3 12:39,1
2016/6/3 12:40,2
2016/6/3 12:41,1
2016/6/3 12:42,1
2016/6/3 12:43,2
2016/6/3 12:44,1
2016/6/3 12:47,2
2016/6/3 12:48,2
2016/6/3 12:49,2
2016/6/3 12:50,3
2016/6/3 12:51,2
2016/6/3 12:52,3
2016/6/3 12:53,2
2016/6/3 12:54,2
2016/6/3 12:55,3
2016/6/3 12:57,1
2016/6/3 12:58,2
2016/6/3 12:59,2
2016/6/3 13:00,3
2016/6/3 13:01,1
2016/6/3 13:02,2
2016/6/3 13:03,7
2016/6/3 13:04,3
2016/6/3 13:05,2
2016/6/3 13:06,4
2016/6/3 13:07,1
2016/6/3 13:08,3
2016/6/3 13:11,2
2016/6/3 13:14,1
2016/6/3 13:15,1
2016/6/3 13:16,3
2016/6/3 13:17,3
2016/6/3 13:23,1
2016/6/3 13:30,1
2016/6/3 13:34,1
2016/6/3 13:36,1
2016/6/3 13:45,1
2016/6/3 13:54,1
2016/6/3 14:00,2
2016/6/3 14:05,1
2016/6/3 14:16,1
2016/6/3 14:56,1
2016/6/3 15:00,1
2016/6/3 15:12,1
2016/6/3 15:13,1
2016/6/3 15:20,1
2016/6/3 15:22,1
2016/6/3 15:24,1
2016/6/3 15:29,2
2016/6/3 15:30,1
2016/6/3 15:33,1
2016/6/3 15:35,1
2016/6/3 15:45,1
2016/6/3 16:03,1
2016/6/3 16:04,2
2016/6/3 16:06,1
2016/6/3 16:07,1
2016/6/3 16:09,1
2016/6/3 16:10,1
2016/6/3 16:14,1
2016/6/3 16:17,1
2016/6/3 16:18,2
2016/6/3 16:19,1
2016/6/3 16:20,1
2016/6/3 16:23,1
2016/6/3 16:29,1
2016/6/3 16:30,1
2016/6/3 16:41,2
2016/6/3 16:42,1
2016/6/3 16:43,2
2016/6/3 16:45,2
2016/6/3 16:47,3
2016/6/3 16:48,4
2016/6/3 16:51,1
2016/6/3 16:53,1
2016/6/3 16:55,2
2016/6/3 16:57,2
2016/6/3 16:58,1
2016/6/3 16:59,4
2016/6/3 17:01,3
2016/6/3 17:02,9
2016/6/3 17:03,6
2016/6/3 17:04,1
2016/6/3 17:05,7
2016/6/3 17:06,2
2016/6/3 17:07,1
2016/6/3 17:09,1
2016/6/3 17:10,2
2016/6/3 17:13,5
2016/6/3 17:14,2
2016/6/3 17:16,4
2016/6/3 17:18,5
2016/6/3 17:19,2
2016/6/3 17:20,1
2016/6/3 17:22,1
2016/6/3 17:32,5
2016/6/3 17:36,1
2016/6/3 17:38,1
2016/6/3 17:40,1
2016/6/3 17:41,1
2016/6/3 17:46,1
2016/6/3 18:01,2
2016/6/3 18:03,1
2016/6/3 18:08,1
2016/6/3 19:22,1
2016/6/3 19:29,1
2016/6/3 19:46,2
2016/6/3 19:47,1
2016/6/3 19:52,1
2016/6/3 19:57,1
2016/6/3 20:01,1
2016/6/3 20:10,1
2016/6/3 20:31,1
2016/6/3 20:33,1
2016/6/3 20:44,1
2016/6/3 20:46,1
2016/6/3 20:53,1
2016/6/3 20:55,1
2016/6/3 20:57,1
2016/6/3 21:03,1
2016/6/3 21:09,1
2016/6/3 22:52,1
2016/6/3 22:54,1
2016/6/3 23:03,1
2016/6/3 23:05,1
2016/6/3 23:43,1
2016/6/3 23:44,1
2016/6/3 23:46,1
2016/6/3 23:48,1
2016/6/3 23:52,1
2016/6/3 23:54,1
2016/6/3 23:56,3
2016/6/3 23:57,2
2016/6/3 23:58,1
2016/6/5 13:00,1
2016/6/5 15:06,1
2016/6/6 00:13,1
2016/6/6 00:29,1
2016/6/6 03:28,1
2016/6/6 03:31,1
2016/6/6 06:54,1
2016/6/6 06:57,1
2016/6/6 07:00,1
2016/6/6 07:15,3
2016/6/6 07:16,2
2016/6/6 07:17,1
2016/6/6 07:18,3
2016/6/6 07:19,1
2016/6/6 07:20,7
2016/6/6 07:21,3
2016/6/6 07:22,1
2016/6/6 07:23,2
2016/6/6 07:24,2
2016/6/6 07:25,1
2016/6/6 07:26,1
2016/6/6 07:27,3
2016/6/6 07:28,1
2016/6/6 07:29,3
2016/6/6 07:30,5
2016/6/6 07:31,3
2016/6/6 07:32,2
2016/6/6 07:33,2
2016/6/6 07:34,3
2016/6/6 07:35,3
2016/6/6 07:36,2
2016/6/6 07:37,2
2016/6/6 07:38,2
2016/6/6 07:39,4
2016/6/6 07:40,2
2016/6/6 07:41,2
2016/6/6 07:42,2
2016/6/6 07:43,3
2016/6/6 07:44,1
2016/6/6 07:45,3
2016/6/6 07:46,1
2016/6/6 07:47,2
2016/6/6 07:48,2
2016/6/6 07:49,2
2016/6/6 07:50,1
2016/6/6 07:55,4
2016/6/6 07:58,1
2016/6/6 07:59,1
2016/6/6 08:00,6
2016/6/6 08:02,1
2016/6/6 08:14,1
2016/6/6 08:15,3
2016/6/6 08:18,1
2016/6/6 08:19,1
2016/6/6 08:30,3
2016/6/6 08:55,1
2016/6/6 09:01,1
2016/6/6 09:08,3
2016/6/6 09:09,3
2016/6/6 09:10,1
2016/6/6 09:11,2
2016/6/6 09:17,1
2016/6/6 09:31,1
2016/6/6 10:03,1
2016/6/6 10:11,1
2016/6/6 10:15,1
2016/6/6 10:30,1
2016/6/6 11:01,1
2016/6/6 11:26,2
2016/6/6 11:46,1
2016/6/6 11:47,4
2016/6/6 11:49,5
2016/6/6 11:50,3
2016/6/6 11:51,3
2016/6/6 11:52,2
2016/6/6 11:54,1
2016/6/6 11:55,2
2016/6/6 11:56,4
2016/6/6 11:57,3
2016/6/6 11:58,2
2016/6/6 12:00,2
2016/6/6 12:01,5
2016/6/6 12:02,4
2016/6/6 12:04,3
2016/6/6 12:05,4
2016/6/6 12:07,3
2016/6/6 12:08,1
2016/6/6 12:09,1
2016/6/6 12:11,4
2016/6/6 12:12,4
2016/6/6 12:14,1
2016/6/6 12:15,1
2016/6/6 12:17,2
2016/6/6 12:30,2
2016/6/6 12:32,2
2016/6/6 12:34,2
2016/6/6 12:37,2
2016/6/6 12:40,2
2016/6/6 12:41,1
2016/6/6 12:42,2
2016/6/6 12:43,1
2016/6/6 12:44,2
2016/6/6 12:45,1
2016/6/6 12:46,2
2016/6/6 12:47,1
2016/6/6 12:48,2
2016/6/6 12:49,1
2016/6/6 12:50,2
2016/6/6 12:51,3
2016/6/6 12:52,3
2016/6/6 12:53,3
2016/6/6 12:54,2
2016/6/6 12:55,4
2016/6/6 12:58,2
2016/6/6 12:59,5
2016/6/6 13:00,7
2016/6/6 13:01,2
2016/6/6 13:02,4
2016/6/6 13:04,1
2016/6/6 13:09,1
2016/6/6 13:10,1
2016/6/6 13:11,1
2016/6/6 13:12,1
2016/6/6 13:13,1
2016/6/6 13:14,1
2016/6/6 13:15,5
2016/6/6 13:17,1
2016/6/6 13:18,2
2016/6/6 13:23,1
2016/6/6 13:35,1
2016/6/6 13:45,2
2016/6/6 13:54,1
2016/6/6 14:00,3
2016/6/6 14:03,1
2016/6/6 14:30,1
2016/6/6 14:31,1
2016/6/6 14:44,1
2016/6/6 15:03,1
2016/6/6 15:14,2
2016/6/6 15:23,1
2016/6/6 15:24,1
2016/6/6 15:26,1
2016/6/6 15:29,2
2016/6/6 15:32,1
2016/6/6 15:33,1
2016/6/6 15:41,1
2016/6/6 15:42,1
2016/6/6 15:52,1
2016/6/6 16:02,1
2016/6/6 16:03,2
2016/6/6 16:04,1
2016/6/6 16:05,1
2016/6/6 16:08,1
2016/6/6 16:09,2
2016/6/6 16:10,2
2016/6/6 16:14,1
2016/6/6 16:16,1
2016/6/6 16:17,1
2016/6/6 16:19,1
2016/6/6 16:23,2
2016/6/6 16:29,1
2016/6/6 16:36,1
2016/6/6 16:43,1
2016/6/6 16:44,1
2016/6/6 16:46,2
2016/6/6 16:47,3
2016/6/6 16:49,2
2016/6/6 16:51,3
2016/6/6 16:53,2
2016/6/6 16:54,1
2016/6/6 16:55,2
2016/6/6 16:56,2
2016/6/6 16:57,2
2016/6/6 16:58,1
2016/6/6 17:01,7
2016/6/6 17:02,13
2016/6/6 17:04,10
2016/6/6 17:05,3
2016/6/6 17:06,3
2016/6/6 17:07,4
2016/6/6 17:09,3
2016/6/6 17:11,4
2016/6/6 17:15,3
2016/6/6 17:16,4
2016/6/6 17:17,1
2016/6/6 17:18,2
2016/6/6 17:19,1
2016/6/6 17:21,3
2016/6/6 17:33,2
2016/6/6 17:35,1
2016/6/6 17:41,1
2016/6/6 17:50,1
2016/6/6 17:57,1
2016/6/6 18:02,2
2016/6/6 18:11,1
2016/6/6 18:22,1
2016/6/6 19:12,1
2016/6/6 19:22,1
2016/6/6 19:51,1
2016/6/6 19:54,1
2016/6/6 19:57,1
2016/6/6 20:05,1
2016/6/6 20:08,1
2016/6/6 20:11,1
2016/6/6 20:16,1
2016/6/6 20:37,2
2016/6/6 20:52,2
2016/6/6 20:53,1
2016/6/6 21:03,1
2016/6/6 21:04,1
2016/6/6 21:13,1
2016/6/6 21:23,1
2016/6/6 22:57,1
2016/6/6 22:59,1
2016/6/6 23:00,1
2016/6/6 23:02,1
2016/6/6 23:41,1
2016/6/6 23:44,1
2016/6/6 23:47,3
2016/6/6 23:51,2
2016/6/6 23:52,1
2016/6/6 23:55,2
2016/6/6 23:56,2
2016/6/6 23:57,1
2016/6/7 00:00,1
2016/6/7 00:11,1
2016/6/7 00:12,1
2016/6/7 03:14,1
2016/6/7 03:37,1
2016/6/7 06:52,1
2016/6/7 07:00,3
2016/6/7 07:02,1
2016/6/7 07:15,3
2016/6/7 07:16,2
2016/6/7 07:17,2
2016/6/7 07:18,2
2016/6/7 07:19,2
2016/6/7 07:20,3
2016/6/7 07:21,2
2016/6/7 07:22,2
2016/6/7 07:23,2
2016/6/7 07:24,2
2016/6/7 07:25,2
2016/6/7 07:27,2
2016/6/7 07:28,1
2016/6/7 07:29,1
2016/6/7 07:30,6
2016/6/7 07:31,3
2016/6/7 07:32,1
2016/6/7 07:33,4
2016/6/7 07:34,6
2016/6/7 07:35,3
2016/6/7 07:36,3
2016/6/7 07:37,4
2016/6/7 07:38,1
2016/6/7 07:40,1
2016/6/7 07:41,2
2016/6/7 07:42,5
2016/6/7 07:43,2
2016/6/7 07:44,3
2016/6/7 07:45,4
2016/6/7 07:46,1
2016/6/7 07:47,1
2016/6/7 07:48,2
2016/6/7 07:49,1
2016/6/7 07:50,1
2016/6/7 07:52,1
2016/6/7 07:54,1
2016/6/7 07:55,1
2016/6/7 07:57,1
2016/6/7 08:00,8
2016/6/7 08:01,1
2016/6/7 08:02,1
2016/6/7 08:04,1
2016/6/7 08:09,1
2016/6/7 08:10,1
2016/6/7 08:12,2
2016/6/7 08:15,1
2016/6/7 08:23,1
2016/6/7 08:30,2
2016/6/7 08:31,1
2016/6/7 08:49,1
2016/6/7 08:56,1
2016/6/7 09:07,1
2016/6/7 09:10,5
2016/6/7 09:11,1
2016/6/7 09:30,1
2016/6/7 09:33,1
2016/6/7 10:02,1
2016/6/7 10:05,1
2016/6/7 10:15,1
2016/6/7 10:16,1
2016/6/7 10:31,1
2016/6/7 10:46,1
2016/6/7 11:07,1
2016/6/7 11:13,1
2016/6/7 11:15,1
2016/6/7 11:26,1
2016/6/7 11:32,3
2016/6/7 11:45,1
2016/6/7 11:48,3
2016/6/7 11:49,4
2016/6/7 11:50,3
2016/6/7 11:51,1
2016/6/7 11:52,1
2016/6/7 11:53,3
2016/6/7 11:54,3
2016/6/7 11:55,1
2016/6/7 11:56,2
2016/6/7 11:57,5
2016/6/7 11:59,3
2016/6/7 12:00,2
2016/6/7 12:01,4
2016/6/7 12:03,4
2016/6/7 12:05,3
2016/6/7 12:06,6
2016/6/7 12:07,3
2016/6/7 12:08,3
2016/6/7 12:10,2
2016/6/7 12:12,1
2016/6/7 12:13,3
2016/6/7 12:16,2
2016/6/7 12:17,1
2016/6/7 12:30,1
2016/6/7 12:33,1
2016/6/7 12:35,3
2016/6/7 12:37,1
2016/6/7 12:38,1
2016/6/7 12:39,1
2016/6/7 12:41,1
2016/6/7 12:43,1
2016/6/7 12:44,1
2016/6/7 12:46,2
2016/6/7 12:47,1
2016/6/7 12:48,2
2016/6/7 12:49,3
2016/6/7 12:50,1
2016/6/7 12:51,4
2016/6/7 12:52,4
2016/6/7 12:53,2
2016/6/7 12:54,5
2016/6/7 12:55,2
2016/6/7 12:56,2
2016/6/7 12:58,1
2016/6/7 12:59,1
2016/6/7 13:00,6
2016/6/7 13:01,1
2016/6/7 13:02,3
2016/6/7 13:03,1
2016/6/7 13:04,3
2016/6/7 13:05,2
2016/6/7 13:06,2
2016/6/7 13:07,3
2016/6/7 13:08,2
2016/6/7 13:10,1
2016/6/7 13:11,2
2016/6/7 13:14,1
2016/6/7 13:15,1
2016/6/7 13:18,1
2016/6/7 13:25,1
2016/6/7 13:30,1
2016/6/7 13:31,2
2016/6/7 13:32,1
2016/6/7 13:33,1
2016/6/7 13:45,1
2016/6/7 13:54,1
2016/6/7 14:03,1
2016/6/7 14:31,1
2016/6/7 14:35,2
2016/6/7 14:42,1
2016/6/7 14:46,1
2016/6/7 14:51,1
2016/6/7 15:05,1
2016/6/7 15:10,1
2016/6/7 15:15,1
2016/6/7 15:22,1
2016/6/7 15:36,1
2016/6/7 15:37,1
2016/6/7 15:39,1
2016/6/7 15:41,1
2016/6/7 15:47,2
2016/6/7 15:49,1
2016/6/7 16:00,2
2016/6/7 16:01,2
2016/6/7 16:02,2
2016/6/7 16:04,1
2016/6/7 16:11,1
2016/6/7 16:15,1
2016/6/7 16:19,2
2016/6/7 16:22,1
2016/6/7 16:23,1
2016/6/7 16:27,1
2016/6/7 16:28,1
2016/6/7 16:29,1
2016/6/7 16:41,2
2016/6/7 16:42,1
2016/6/7 16:43,1
2016/6/7 16:44,1
2016/6/7 16:46,6
2016/6/7 16:47,2
2016/6/7 16:49,1
2016/6/7 16:50,1
2016/6/7 16:53,4
2016/6/7 16:55,3
2016/6/7 16:56,2
2016/6/7 16:57,4
2016/6/7 16:58,6
2016/6/7 16:59,1
2016/6/7 17:00,1
2016/6/7 17:01,3
2016/6/7 17:02,11
2016/6/7 17:03,4
2016/6/7 17:04,3
2016/6/7 17:05,1
2016/6/7 17:06,3
2016/6/7 17:07,2
2016/6/7 17:09,3
2016/6/7 17:10,5
2016/6/7 17:12,1
2016/6/7 17:13,2
2016/6/7 17:14,1
2016/6/7 17:17,2
2016/6/7 17:18,3
2016/6/7 17:19,3
2016/6/7 17:21,1
2016/6/7 17:33,2
2016/6/7 17:44,1
2016/6/7 17:45,1
2016/6/7 17:46,2
2016/6/7 17:51,1
2016/6/7 18:02,1
2016/6/7 18:12,1
2016/6/7 18:14,1
2016/6/7 19:13,1
2016/6/7 19:27,1
2016/6/7 19:48,1
2016/6/7 19:50,1
2016/6/7 19:53,1
2016/6/7 20:00,2
2016/6/7 20:09,1
2016/6/7 20:16,1
2016/6/7 20:33,1
2016/6/7 20:47,1
2016/6/7 20:48,1
2016/6/7 20:53,1
2016/6/7 20:55,1
2016/6/7 21:07,1
2016/6/7 21:09,1
2016/6/7 21:11,1
2016/6/7 21:22,1
2016/6/7 22:56,1
2016/6/7 22:58,1
2016/6/7 23:09,1
2016/6/7 23:11,1
2016/6/7 23:41,2
2016/6/7 23:45,1
2016/6/7 23:47,1
2016/6/7 23:49,1
2016/6/7 23:52,1
2016/6/7 23:54,2
2016/6/7 23:55,1
2016/6/8 00:19,1
2016/6/8 00:22,1
2016/6/8 03:19,1
2016/6/8 03:21,1
2016/6/8 06:45,1
2016/6/8 06:48,1
2016/6/8 07:06,1
2016/6/8 07:14,1
2016/6/8 07:15,4
2016/6/8 07:16,2
2016/6/8 07:17,2
2016/6/8 07:18,2
2016/6/8 07:19,1
2016/6/8 07:20,1
2016/6/8 07:21,3
2016/6/8 07:22,2
2016/6/8 07:23,1
2016/6/8 07:25,2
2016/6/8 07:26,3
2016/6/8 07:27,2
2016/6/8 07:28,1
2016/6/8 07:29,3
2016/6/8 07:30,6
2016/6/8 07:31,3
2016/6/8 07:32,4
2016/6/8 07:33,4
2016/6/8 07:35,3
2016/6/8 07:37,3
2016/6/8 07:38,2
2016/6/8 07:39,2
2016/6/8 07:40,1
2016/6/8 07:41,1
2016/6/8 07:42,1
2016/6/8 07:43,3
2016/6/8 07:44,4
2016/6/8 07:45,3
2016/6/8 07:47,1
2016/6/8 07:48,3
2016/6/8 07:49,2
2016/6/8 07:50,1
2016/6/8 07:51,1
2016/6/8 07:52,1
2016/6/8 07:55,4
2016/6/8 07:56,3
2016/6/8 07:57,1
2016/6/8 07:58,1
2016/6/8 08:00,6
2016/6/8 08:04,1
2016/6/8 08:05,1
2016/6/8 08:15,3
2016/6/8 08:30,3
2016/6/8 08:43,1
2016/6/8 08:45,1
2016/6/8 08:59,1
2016/6/8 09:09,4
2016/6/8 09:11,1
2016/6/8 09:14,2
2016/6/8 09:31,1
2016/6/8 10:01,1
2016/6/8 10:04,1
2016/6/8 10:11,1
2016/6/8 10:15,1
2016/6/8 10:24,1
2016/6/8 10:30,1
2016/6/8 10:34,1
2016/6/8 10:36,1
2016/6/8 10:45,1
2016/6/8 11:03,1
2016/6/8 11:16,1
2016/6/8 11:27,2
2016/6/8 11:30,3
2016/6/8 11:31,1
2016/6/8 11:36,1
2016/6/8 11:45,1
2016/6/8 11:47,2
2016/6/8 11:48,2
2016/6/8 11:50,3
2016/6/8 11:51,2
2016/6/8 11:54,3
2016/6/8 11:55,1
2016/6/8 11:57,1
2016/6/8 11:58,4
2016/6/8 12:00,3
2016/6/8 12:01,2
2016/6/8 12:02,1
2016/6/8 12:03,4
2016/6/8 12:04,2
2016/6/8 12:05,8
2016/6/8 12:06,5
2016/6/8 12:08,1
2016/6/8 12:09,4
2016/6/8 12:11,1
2016/6/8 12:14,3
2016/6/8 12:15,4
2016/6/8 12:16,5
2016/6/8 12:30,3
2016/6/8 12:32,1
2016/6/8 12:34,1
2016/6/8 12:35,1
2016/6/8 12:36,1
2016/6/8 12:40,2
2016/6/8 12:42,1
2016/6/8 12:45,1
2016/6/8 12:46,2
2016/6/8 12:47,1
2016/6/8 12:48,2
2016/6/8 12:49,2
2016/6/8 12:50,4
2016/6/8 12:51,4
2016/6/8 12:52,2
2016/6/8 12:53,2
2016/6/8 12:54,2
2016/6/8 12:55,2
2016/6/8 12:56,1
2016/6/8 12:57,1
2016/6/8 12:58,3
2016/6/8 12:59,2
2016/6/8 13:00,5
2016/6/8 13:01,1
2016/6/8 13:02,2
2016/6/8 13:03,3
2016/6/8 13:04,1
2016/6/8 13:05,2
2016/6/8 13:06,1
2016/6/8 13:07,4
2016/6/8 13:08,3
2016/6/8 13:09,3
2016/6/8 13:10,1
2016/6/8 13:11,3
2016/6/8 13:15,1
2016/6/8 13:17,1
2016/6/8 13:18,1
2016/6/8 13:22,1
2016/6/8 13:24,1
2016/6/8 13:34,1
2016/6/8 13:45,2
2016/6/8 13:50,1
2016/6/8 13:54,1
2016/6/8 14:00,1
2016/6/8 14:10,1
2016/6/8 14:31,2
2016/6/8 15:05,1
2016/6/8 15:09,1
2016/6/8 15:13,1
2016/6/8 15:15,1
2016/6/8 15:24,1
2016/6/8 15:30,1
2016/6/8 15:34,1
2016/6/8 15:36,1
2016/6/8 15:37,1
2016/6/8 15:44,1
2016/6/8 15:45,1
2016/6/8 15:47,1
2016/6/8 16:03,1
2016/6/8 16:07,1
2016/6/8 16:08,1
2016/6/8 16:11,1
2016/6/8 16:16,2
2016/6/8 16:17,2
2016/6/8 16:19,2
2016/6/8 16:20,2
2016/6/8 16:21,2
2016/6/8 16:28,1
2016/6/8 16:29,1
2016/6/8 16:30,1
2016/6/8 16:41,1
2016/6/8 16:42,1
2016/6/8 16:43,2
2016/6/8 16:45,2
2016/6/8 16:46,1
2016/6/8 16:47,1
2016/6/8 16:48,1
2016/6/8 16:50,2
2016/6/8 16:51,2
2016/6/8 16:54,2
2016/6/8 16:55,1
2016/6/8 16:57,4
2016/6/8 16:59,4
2016/6/8 17:01,5
2016/6/8 17:02,12
2016/6/8 17:04,6
2016/6/8 17:05,4
2016/6/8 17:06,2
2016/6/8 17:07,3
2016/6/8 17:09,2
2016/6/8 17:10,3
2016/6/8 17:11,2
2016/6/8 17:12,6
2016/6/8 17:13,4
2016/6/8 17:16,3
2016/6/8 17:18,2
2016/6/8 17:20,4
2016/6/8 17:21,1
2016/6/8 17:23,1
2016/6/8 17:32,2
2016/6/8 17:37,1
2016/6/8 17:43,2
2016/6/8 17:45,1
2016/6/8 17:46,1
2016/6/8 18:00,1
2016/6/8 18:04,1
2016/6/8 18:22,1
2016/6/8 19:14,1
2016/6/8 19:21,1
2016/6/8 19:53,1
2016/6/8 19:58,1
2016/6/8 20:03,1
2016/6/8 20:07,1
2016/6/8 20:08,2
2016/6/8 20:16,1
2016/6/8 20:42,1
2016/6/8 20:49,1
2016/6/8 20:52,1
2016/6/8 20:55,1
2016/6/8 20:59,1
2016/6/8 21:02,1
2016/6/8 21:09,1
2016/6/8 21:12,1
2016/6/8 21:13,1
2016/6/8 22:51,1
2016/6/8 22:53,1
2016/6/8 22:58,1
2016/6/8 23:00,1
2016/6/8 23:42,1
2016/6/8 23:45,1
2016/6/8 23:49,1
2016/6/8 23:51,2
2016/6/8 23:52,1
2016/6/8 23:54,1
2016/6/8 23:55,2
2016/6/8 23:57,2
2016/6/8 23:59,1
2016/6/9 00:00,1
2016/6/9 00:28,1
2016/6/9 03:18,1
2016/6/9 03:25,1
2016/6/9 06:51,1
2016/6/9 06:58,1
2016/6/9 07:02,1
2016/6/9 07:07,2
2016/6/9 07:15,5
2016/6/9 07:16,4
2016/6/9 07:17,1
2016/6/9 07:21,2
2016/6/9 07:22,1
2016/6/9 07:23,1
2016/6/9 07:24,3
2016/6/9 07:25,2
2016/6/9 07:26,1
2016/6/9 07:27,2
2016/6/9 07:28,1
2016/6/9 07:29,1
2016/6/9 07:30,5
2016/6/9 07:31,2
2016/6/9 07:32,1
2016/6/9 07:33,8
2016/6/9 07:34,2
2016/6/9 07:35,5
2016/6/9 07:36,2
2016/6/9 07:37,2
2016/6/9 07:38,1
2016/6/9 07:39,3
2016/6/9 07:40,3
2016/6/9 07:41,2
2016/6/9 07:42,3
2016/6/9 07:43,5
2016/6/9 07:44,2
2016/6/9 07:45,7
2016/6/9 07:47,2
2016/6/9 07:49,2
2016/6/9 07:53,1
2016/6/9 07:54,1
2016/6/9 07:55,4
2016/6/9 07:56,1
2016/6/9 07:58,1
2016/6/9 07:59,2
2016/6/9 08:00,4
2016/6/9 08:02,1
2016/6/9 08:03,1
2016/6/9 08:10,1
2016/6/9 08:30,4
2016/6/9 08:47,1
2016/6/9 08:52,1
2016/6/9 09:06,3
2016/6/9 09:07,2
2016/6/9 09:08,2
2016/6/9 09:12,1
2016/6/9 10:01,1
2016/6/9 10:14,1
2016/6/9 10:37,2
2016/6/9 10:46,1
2016/6/9 10:47,1
2016/6/9 10:53,1
2016/6/9 11:06,1
2016/6/9 11:22,1
2016/6/9 11:26,1
2016/6/9 11:30,1
2016/6/9 11:32,3
2016/6/9 11:46,4
2016/6/9 11:50,1
2016/6/9 11:51,3
2016/6/9 11:52,1
2016/6/9 11:54,6
2016/6/9 11:55,1
2016/6/9 11:56,3
2016/6/9 11:57,4
2016/6/9 11:58,2
2016/6/9 11:59,1
2016/6/9 12:00,4
2016/6/9 12:02,4
2016/6/9 12:03,2
2016/6/9 12:04,4
2016/6/9 12:06,6
2016/6/9 12:07,2
2016/6/9 12:08,4
2016/6/9 12:09,4
2016/6/9 12:10,2
2016/6/9 12:12,2
2016/6/9 12:13,3
2016/6/9 12:15,1
2016/6/9 12:17,2
2016/6/9 12:30,1
2016/6/9 12:32,1
2016/6/9 12:33,1
2016/6/9 12:35,1
2016/6/9 12:36,1
2016/6/9 12:37,1
2016/6/9 12:39,1
2016/6/9 12:40,1
2016/6/9 12:41,3
2016/6/9 12:42,1
2016/6/9 12:43,1
2016/6/9 12:44,1
2016/6/9 12:45,1
2016/6/9 12:46,1
2016/6/9 12:47,4
2016/6/9 12:48,2
2016/6/9 12:49,1
2016/6/9 12:51,3
2016/6/9 12:52,3
2016/6/9 12:53,4
2016/6/9 12:54,5
2016/6/9 12:55,2
2016/6/9 12:57,1
2016/6/9 12:58,2
2016/6/9 12:59,1
2016/6/9 13:00,4
2016/6/9 13:01,2
2016/6/9 13:02,5
2016/6/9 13:04,3
2016/6/9 13:05,1
2016/6/9 13:06,1
2016/6/9 13:07,1
2016/6/9 13:08,1
2016/6/9 13:09,1
2016/6/9 13:10,2
2016/6/9 13:11,1
2016/6/9 13:12,1
2016/6/9 13:13,1
2016/6/9 13:14,2
2016/6/9 13:15,2
2016/6/9 13:16,2
2016/6/9 13:20,1
2016/6/9 13:24,1
2016/6/9 13:32,2
2016/6/9 13:33,1
2016/6/9 13:34,1
2016/6/9 13:45,2
2016/6/9 13:52,1
2016/6/9 14:00,2
2016/6/9 14:01,1
2016/6/9 14:33,1
2016/6/9 14:35,2
2016/6/9 14:40,1
2016/6/9 15:01,1
2016/6/9 15:10,1
2016/6/9 15:12,1
2016/6/9 15:15,1
2016/6/9 15:22,1
2016/6/9 15:25,1
2016/6/9 15:32,2
2016/6/9 15:34,2
2016/6/9 15:40,1
2016/6/9 15:41,1
2016/6/9 15:42,1
2016/6/9 16:01,1
2016/6/9 16:02,1
2016/6/9 16:04,2
2016/6/9 16:05,2
2016/6/9 16:08,1
2016/6/9 16:10,2
2016/6/9 16:17,1
2016/6/9 16:18,1
2016/6/9 16:23,2
2016/6/9 16:26,1
2016/6/9 16:30,1
2016/6/9 16:36,1
2016/6/9 16:41,2
2016/6/9 16:43,4
2016/6/9 16:44,2
2016/6/9 16:45,1
2016/6/9 16:46,2
2016/6/9 16:47,2
2016/6/9 16:49,4
2016/6/9 16:50,2
2016/6/9 16:52,1
2016/6/9 16:54,3
2016/6/9 16:56,5
2016/6/9 16:58,2
2016/6/9 16:59,3
2016/6/9 17:00,4
2016/6/9 17:01,1
2016/6/9 17:02,13
2016/6/9 17:03,8
2016/6/9 17:04,5
2016/6/9 17:06,4
2016/6/9 17:07,2
2016/6/9 17:09,1
2016/6/9 17:12,2
2016/6/9 17:13,2
2016/6/9 17:15,1
2016/6/9 17:17,3
2016/6/9 17:20,1
2016/6/9 17:23,1
2016/6/9 17:30,1
2016/6/9 17:31,1
2016/6/9 17:32,3
2016/6/9 17:35,1
2016/6/9 17:45,2
2016/6/9 17:47,1
2016/6/9 18:02,1
2016/6/9 18:13,1
2016/6/9 19:15,1
2016/6/9 19:23,1
2016/6/9 19:48,1
2016/6/9 19:50,1
2016/6/9 19:53,1
2016/6/9 19:55,1
2016/6/9 19:57,1
2016/6/9 20:05,1
2016/6/9 20:09,1
2016/6/9 20:41,1
2016/6/9 20:48,2
2016/6/9 20:52,1
2016/6/9 20:53,1
2016/6/9 20:56,1
2016/6/9 21:00,1
2016/6/9 21:02,2
2016/6/9 22:57,1
2016/6/9 22:59,2
2016/6/9 23:01,1
2016/6/9 23:42,1
2016/6/9 23:45,1
2016/6/9 23:48,2
2016/6/9 23:51,1
2016/6/9 23:52,1
2016/6/9 23:55,4
2016/6/9 23:56,1
2016/6/10 00:14,1
2016/6/10 00:15,1
2016/6/10 03:32,1
2016/6/10 03:34,1
2016/6/10 06:52,1
2016/6/10 07:00,2
2016/6/10 07:04,1
2016/6/10 07:15,3
2016/6/10 07:16,4
2016/6/10 07:17,1
2016/6/10 07:19,3
2016/6/10 07:20,3
2016/6/10 07:21,3
2016/6/10 07:22,3
2016/6/10 07:23,2
2016/6/10 07:24,3
2016/6/10 07:25,1
2016/6/10 07:26,2
2016/6/10 07:30,7
2016/6/10 07:31,1
2016/6/10 07:32,2
2016/6/10 07:33,4
2016/6/10 07:34,4
2016/6/10 07:35,2
2016/6/10 07:36,3
2016/6/10 07:37,3
2016/6/10 07:38,3
2016/6/10 07:40,2
2016/6/10 07:41,3
2016/6/10 07:42,3
2016/6/10 07:43,3
2016/6/10 07:44,3
2016/6/10 07:45,2
2016/6/10 07:46,3
2016/6/10 07:48,1
2016/6/10 07:49,3
2016/6/10 07:50,1
2016/6/10 07:53,2
2016/6/10 07:55,2
2016/6/10 07:57,1
2016/6/10 07:59,1
2016/6/10 08:00,10
2016/6/10 08:15,2
2016/6/10 08:19,1
2016/6/10 08:30,1
2016/6/10 08:34,1
2016/6/10 08:55,1
2016/6/10 09:00,1
2016/6/10 09:04,1
2016/6/10 09:05,1
2016/6/10 09:08,4
2016/6/10 09:09,1
2016/6/10 10:04,1
2016/6/10 10:11,1
2016/6/10 10:12,1
2016/6/10 10:30,1
2016/6/10 11:01,2
2016/6/10 11:16,1
2016/6/10 11:18,1
2016/6/10 11:27,1
2016/6/10 11:33,2
2016/6/10 11:37,1
2016/6/10 11:46,4
2016/6/10 11:48,1
2016/6/10 11:49,3
2016/6/10 11:50,2
2016/6/10 11:52,3
2016/6/10 11:53,2
2016/6/10 11:55,1
2016/6/10 11:56,3
2016/6/10 11:58,5
2016/6/10 11:59,2
2016/6/10 12:00,3
2016/6/10 12:01,3
2016/6/10 12:02,4
2016/6/10 12:03,3
2016/6/10 12:04,5
2016/6/10 12:05,6
2016/6/10 12:06,2
2016/6/10 12:07,1
2016/6/10 12:08,1
2016/6/10 12:10,1
2016/6/10 12:12,2
2016/6/10 12:13,1
2016/6/10 12:15,2
2016/6/10 12:16,2
2016/6/10 12:30,3
2016/6/10 12:36,1
2016/6/10 12:39,1
2016/6/10 12:40,1
2016/6/10 12:41,2
2016/6/10 12:42,3
2016/6/10 12:44,1
2016/6/10 12:45,2
2016/6/10 12:46,3
2016/6/10 12:47,5
2016/6/10 12:48,3
2016/6/10 12:49,1
2016/6/10 12:50,2
2016/6/10 12:51,2
2016/6/10 12:52,1
2016/6/10 12:53,3
2016/6/10 12:54,6
2016/6/10 12:55,1
2016/6/10 12:56,1
2016/6/10 12:57,1
2016/6/10 12:58,2
2016/6/10 12:59,1
2016/6/10 13:00,5
2016/6/10 13:01,1
2016/6/10 13:02,5
2016/6/10 13:05,2
2016/6/10 13:06,1
2016/6/10 13:08,3
2016/6/10 13:09,1
2016/6/10 13:10,1
2016/6/10 13:11,1
2016/6/10 13:12,2
2016/6/10 13:13,1
2016/6/10 13:14,2
2016/6/10 13:15,1
2016/6/10 13:17,1
2016/6/10 13:18,1
2016/6/10 13:22,1
2016/6/10 13:32,1
2016/6/10 13:33,1
2016/6/10 13:34,1
2016/6/10 13:45,1
2016/6/10 13:52,1
2016/6/10 14:05,1
2016/6/10 14:10,1
2016/6/10 14:40,1
2016/6/10 15:05,1
2016/6/10 15:10,1
2016/6/10 15:12,1
2016/6/10 15:23,1
2016/6/10 15:24,2
2016/6/10 15:28,1
2016/6/10 15:30,1
2016/6/10 15:36,2
2016/6/10 15:37,1
2016/6/10 15:39,1
2016/6/10 15:41,1
2016/6/10 15:48,1
2016/6/10 16:01,1
2016/6/10 16:04,1
2016/6/10 16:06,1
2016/6/10 16:09,1
2016/6/10 16:10,1
2016/6/10 16:16,1
2016/6/10 16:17,1
2016/6/10 16:18,4
2016/6/10 16:21,1
2016/6/10 16:22,2
2016/6/10 16:24,1
2016/6/10 16:27,1
2016/6/10 16:32,4
2016/6/10 16:41,1
2016/6/10 16:42,1
2016/6/10 16:43,2
2016/6/10 16:45,3
2016/6/10 16:46,2
2016/6/10 16:47,2
2016/6/10 16:48,2
2016/6/10 16:49,2
2016/6/10 16:51,2
2016/6/10 16:52,1
2016/6/10 16:53,1
2016/6/10 16:55,4
2016/6/10 16:56,2
2016/6/10 16:59,3
2016/6/10 17:01,3
2016/6/10 17:02,11
2016/6/10 17:03,8
2016/6/10 17:04,3
2016/6/10 17:05,3
2016/6/10 17:06,2
2016/6/10 17:07,4
2016/6/10 17:08,2
2016/6/10 17:10,1
2016/6/10 17:13,3
2016/6/10 17:14,2
2016/6/10 17:16,1
2016/6/10 17:18,3
2016/6/10 17:19,6
2016/6/10 17:21,1
2016/6/10 17:29,1
2016/6/10 17:30,1
2016/6/10 17:32,3
2016/6/10 17:41,1
2016/6/10 17:46,1
2016/6/10 18:12,2
2016/6/10 19:20,1
2016/6/10 19:27,1
2016/6/10 19:48,1
2016/6/10 19:51,1
2016/6/10 19:55,1
2016/6/10 19:57,2
2016/6/10 20:04,1
2016/6/10 20:13,1
2016/6/10 20:35,1
2016/6/10 20:43,2
2016/6/10 20:55,1
2016/6/10 20:59,1
2016/6/10 21:02,1
2016/6/10 21:06,1
2016/6/10 21:12,1
2016/6/10 21:14,1
2016/6/10 22:54,1
2016/6/10 22:55,1
2016/6/10 22:56,1
2016/6/10 22:57,1
2016/6/10 23:44,1
2016/6/10 23:46,1
2016/6/10 23:47,1
2016/6/10 23:48,1
2016/6/10 23:50,1
2016/6/10 23:51,3
2016/6/10 23:52,2
2016/6/10 23:54,2
2016/6/11 08:30,1
2016/6/11 09:00,1
2016/6/11 11:31,1
2016/6/11 13:04,1
2016/6/12 08:00,1
2016/6/12 12:01,1
2016/6/13 00:12,1
2016/6/13 00:25,1
2016/6/13 03:31,1
2016/6/13 03:32,1
2016/6/13 06:45,1
2016/6/13 06:57,1
2016/6/13 07:00,1
2016/6/13 07:15,2
2016/6/13 07:16,6
2016/6/13 07:17,3
2016/6/13 07:18,1
2016/6/13 07:19,2
2016/6/13 07:20,1
2016/6/13 07:21,2
2016/6/13 07:22,5
2016/6/13 07:23,1
2016/6/13 07:24,2
2016/6/13 07:25,2
2016/6/13 07:26,1
2016/6/13 07:27,3
2016/6/13 07:28,2
2016/6/13 07:29,2
2016/6/13 07:30,6
2016/6/13 07:31,3
2016/6/13 07:32,4
2016/6/13 07:33,2
2016/6/13 07:34,6
2016/6/13 07:35,5
2016/6/13 07:37,2
2016/6/13 07:38,2
2016/6/13 07:40,3
2016/6/13 07:41,1
2016/6/13 07:42,2
2016/6/13 07:44,3
2016/6/13 07:45,4
2016/6/13 07:46,2
2016/6/13 07:47,2
2016/6/13 07:49,2
2016/6/13 07:50,1
2016/6/13 07:54,1
2016/6/13 07:55,4
2016/6/13 07:56,3
2016/6/13 07:58,1
2016/6/13 08:00,5
2016/6/13 08:03,1
2016/6/13 08:30,1
2016/6/13 08:54,1
2016/6/13 09:00,1
2016/6/13 09:03,1
2016/6/13 09:08,1
2016/6/13 09:09,2
2016/6/13 09:10,2
2016/6/13 09:13,1
2016/6/13 09:35,1
2016/6/13 09:50,1
2016/6/13 10:02,1
2016/6/13 10:12,1
2016/6/13 10:41,1
2016/6/13 11:01,1
2016/6/13 11:02,1
2016/6/13 11:14,1
2016/6/13 11:16,2
2016/6/13 11:18,1
2016/6/13 11:27,2
2016/6/13 11:47,2
2016/6/13 11:50,2
2016/6/13 11:51,4
2016/6/13 11:52,1
2016/6/13 11:54,1
2016/6/13 11:55,2
2016/6/13 11:56,1
2016/6/13 11:57,3
2016/6/13 11:59,2
2016/6/13 12:00,3
2016/6/13 12:01,3
2016/6/13 12:02,1
2016/6/13 12:03,4
2016/6/13 12:04,5
2016/6/13 12:05,4
2016/6/13 12:06,2
2016/6/13 12:07,6
2016/6/13 12:08,3
2016/6/13 12:10,1
2016/6/13 12:12,4
2016/6/13 12:13,3
2016/6/13 12:14,1
2016/6/13 12:15,3
2016/6/13 12:16,2
2016/6/13 12:20,1
2016/6/13 12:22,1
2016/6/13 12:30,2
2016/6/13 12:31,1
2016/6/13 12:32,1
2016/6/13 12:36,2
2016/6/13 12:37,1
2016/6/13 12:40,1
2016/6/13 12:45,1
2016/6/13 12:46,1
2016/6/13 12:47,3
2016/6/13 12:48,1
2016/6/13 12:49,1
2016/6/13 12:50,3
2016/6/13 12:51,1
2016/6/13 12:52,1
2016/6/13 12:53,6
2016/6/13 12:54,4
2016/6/13 12:55,3
2016/6/13 12:56,3
2016/6/13 12:57,3
2016/6/13 12:58,1
2016/6/13 12:59,1
2016/6/13 13:00,8
2016/6/13 13:01,1
2016/6/13 13:02,2
2016/6/13 13:03,3
2016/6/13 13:04,1
2016/6/13 13:05,2
2016/6/13 13:06,2
2016/6/13 13:07,1
2016/6/13 13:08,3
2016/6/13 13:09,2
2016/6/13 13:11,1
2016/6/13 13:13,1
2016/6/13 13:15,1
2016/6/13 13:18,1
2016/6/13 13:19,1
2016/6/13 13:35,1
2016/6/13 13:45,1
2016/6/13 13:54,1
2016/6/13 14:01,1
2016/6/13 14:02,1
2016/6/13 14:31,1
2016/6/13 14:34,1
2016/6/13 14:53,1
2016/6/13 14:56,1
2016/6/13 15:01,1
2016/6/13 15:02,1
2016/6/13 15:10,1
2016/6/13 15:13,1
2016/6/13 15:22,1
2016/6/13 15:27,1
2016/6/13 15:29,1
2016/6/13 15:35,1
2016/6/13 15:36,1
2016/6/13 15:38,2
2016/6/13 15:47,1
2016/6/13 16:03,1
2016/6/13 16:04,1
2016/6/13 16:06,1
2016/6/13 16:08,2
2016/6/13 16:10,1
2016/6/13 16:13,1
2016/6/13 16:14,2
2016/6/13 16:20,2
2016/6/13 16:23,2
2016/6/13 16:28,2
2016/6/13 16:29,1
2016/6/13 16:43,1
2016/6/13 16:44,3
2016/6/13 16:45,2
2016/6/13 16:46,3
2016/6/13 16:48,1
2016/6/13 16:50,2
2016/6/13 16:51,1
2016/6/13 16:53,2
2016/6/13 16:54,2
2016/6/13 16:55,3
2016/6/13 16:56,3
2016/6/13 16:58,1
2016/6/13 17:00,2
2016/6/13 17:01,2
2016/6/13 17:02,14
2016/6/13 17:04,5
2016/6/13 17:05,5
2016/6/13 17:07,9
2016/6/13 17:09,2
2016/6/13 17:10,3
2016/6/13 17:12,2
2016/6/13 17:13,3
2016/6/13 17:15,4
2016/6/13 17:16,3
2016/6/13 17:17,2
2016/6/13 17:19,2
2016/6/13 17:21,3
2016/6/13 17:23,1
2016/6/13 17:32,2
2016/6/13 17:43,1
2016/6/13 17:48,1
2016/6/13 17:51,1
2016/6/13 17:58,1
2016/6/13 18:04,2
2016/6/13 19:12,1
2016/6/13 19:32,1
2016/6/13 19:46,2
2016/6/13 19:56,1
2016/6/13 20:01,2
2016/6/13 20:10,1
2016/6/13 20:13,1
2016/6/13 20:43,1
2016/6/13 20:47,1
2016/6/13 20:50,1
2016/6/13 20:53,1
2016/6/13 20:59,1
2016/6/13 21:00,1
2016/6/13 21:03,1
2016/6/13 21:16,1
2016/6/13 21:18,1
2016/6/13 22:54,1
2016/6/13 22:56,2
2016/6/13 22:58,1
2016/6/13 23:41,1
2016/6/13 23:42,2
2016/6/13 23:44,1
2016/6/13 23:48,2
2016/6/13 23:49,1
2016/6/13 23:50,1
2016/6/13 23:55,1
2016/6/13 23:58,2
2016/6/13 23:59,1